,Video Title,Thumbnail URL,Description Length,Tags,Published Data & Time,View Count,Like Count,Comment Count,Duration,Category,Channel Title,Channel Subscriber,Channel Age,Total number of channel uploads
0,World’s Largest Jello Pool,https://i.ytimg.com/vi/5JUlNlGqnlw/default.jpg,0,[],2024-07-25T16:36:40Z,525691187,14111999,12651,1分,28,Mark Rober,69500000,2011-10-20T06:17:58Z,218
1,This Slinky Can Walk Forever!,https://i.ytimg.com/vi/KIlYZivq_H4/default.jpg,0,[],2024-11-28T17:03:44Z,462920951,13386987,11548,1分15秒,28,Mark Rober,69500000,2011-10-20T06:17:58Z,218
2,Jelly Bean Guessing Game HACK,https://i.ytimg.com/vi/iBh3zOjOCvI/default.jpg,0,[],2024-04-30T15:19:00Z,259649291,6324662,20926,49秒,28,Mark Rober,69500000,2011-10-20T06:17:58Z,218
3,I NEED 1 MORE SUBSCRIBER!,https://i.ytimg.com/vi/3dH91cyjKLw/default.jpg,0,[],2024-02-13T15:49:31Z,254346564,14091685,18911,38秒,28,Mark Rober,69500000,2011-10-20T06:17:58Z,218
4,I Cured @MrBeast’s Fear Of Heights,https://i.ytimg.com/vi/0ENZe0ckmxA/default.jpg,0,[],2023-06-29T20:47:19Z,240475870,10392308,11031,1分,28,Mark Rober,69500000,2011-10-20T06:17:58Z,218
5,I Gave 3 Subscribers My Credit Card,https://i.ytimg.com/vi/Vv8RN_mKyi4/default.jpg,0,[],2024-05-10T14:00:24Z,235382251,5970842,4468,56秒,28,Mark Rober,69500000,2011-10-20T06:17:58Z,218
6,8-Year-Olds vs Modified Bowling Ball,https://i.ytimg.com/vi/uXUKVWV7FOQ/default.jpg,68,[],2023-04-12T03:58:31Z,231700318,6503926,7812,48秒,28,Mark Rober,69500000,2011-10-20T06:17:58Z,218
7,Turtles or Snakes- Which Do Cars Swerve to Hit More?,https://i.ytimg.com/vi/DsZe6TCH3A4/default.jpg,0,[],2024-09-27T15:18:43Z,218159231,6339059,5043,53秒,28,Mark Rober,69500000,2011-10-20T06:17:58Z,218
8,$1 Arcade Punching Bag HACK,https://i.ytimg.com/vi/wpDRV8yvqME/default.jpg,0,[],2024-06-27T16:15:07Z,211129816,6518938,7227,1分,28,Mark Rober,69500000,2011-10-20T06:17:58Z,218
9,World's Largest Jello Pool- Can you swim in Jello?,https://i.ytimg.com/vi/DPZzrlFCD_I/default.jpg,987,"['Jello', 'jello pool', 'worlds largest jello pool', 'worlds largest jello cup', 'worlds largest bowl of cereal', 'Mr. Beast', 'Vat19', 'Guava', 'family friendly', 'can you swim in jello', 'orbeez pool', 'orbeez', 'jelli baff', 'baff', 'fun', 'funny', 'quick looking at my tags', 'jelly', 'jelly pool']",2019-05-16T20:57:03Z,193051529,2342731,64099,10分28秒,28,Mark Rober,69500000,2011-10-20T06:17:58Z,218
10,Turning An Egg Into A Bouncy Ball,https://i.ytimg.com/vi/qRJOojiBi-s/default.jpg,51,[],2025-01-30T16:22:44Z,177903696,4726452,3125,1分,28,Mark Rober,69500000,2011-10-20T06:17:58Z,218
11,Fart Spray Soccer Challenge with @fedevigevani,https://i.ytimg.com/vi/DtO46ikY2r0/default.jpg,84,[],2023-12-02T15:00:14Z,172554237,3472331,3675,53秒,28,Mark Rober,69500000,2011-10-20T06:17:58Z,218
12,Flipping Robot vs Heavier And Heavier Objects,https://i.ytimg.com/vi/X1rkdQGxI-I/default.jpg,0,[],2024-10-11T01:13:42Z,164415925,3466657,5663,34秒,28,Mark Rober,69500000,2011-10-20T06:17:58Z,218
13,Skin a Watermelon Party Trick,https://i.ytimg.com/vi/Q6vVuj3iggE/default.jpg,453,"['Watermelon (Ingredient)', 'watermelon hack', 'watermelon smothie hack', 'watermelon drill', 'picnic', 'picnic ideas', 'mark rober', 'nasa', 'digital dudz', 'peel a watermelon', 'hack', 'skin a watermelon', 'audible', 'pixar', 'Edwin Catmull (Computer Scientist)']",2015-08-31T09:20:49Z,148009330,856778,25159,2分52秒,26,Mark Rober,69500000,2011-10-20T06:17:58Z,218
14,Liquid Sand Hot Tub- Fluidized air bed,https://i.ytimg.com/vi/My4RA5I0FKs/default.jpg,1238,"['fluidized bed', 'liquid sand', 'fluidized sand bed', 'powder coat painting', 'physics girl', 'mark rober', 'nasa', 'carnival scam science', 'powder coating', 'orbeez pool', 'hot tub', 'liquid sand hot tub', 'air bubbles', 'aerated water', 'aerated sand', 'casper', 'vsauce']",2017-11-28T21:05:56Z,143041318,1876758,75983,9分9秒,28,Mark Rober,69500000,2011-10-20T06:17:58Z,218
15,Backyard Squirrel Maze 1.0- Ninja Warrior Course,https://i.ytimg.com/vi/hFZFjoX2cGg/default.jpg,1789,[],2020-05-24T16:00:58Z,138964674,2745884,93359,21分40秒,28,Mark Rober,69500000,2011-10-20T06:17:58Z,218
16,Egg Drop From Space,https://i.ytimg.com/vi/BYVZh5kqaFg/default.jpg,1504,[],2022-11-25T14:59:03Z,133480644,1999672,40477,26分57秒,28,Mark Rober,69500000,2011-10-20T06:17:58Z,218
17,Carnival Scam Exposed,https://i.ytimg.com/vi/oqx-e5QFosA/default.jpg,0,[],2024-08-01T17:15:28Z,130448725,4102404,2116,59秒,28,Mark Rober,69500000,2011-10-20T06:17:58Z,218
18,Are Bananas Actually Slippery?,https://i.ytimg.com/vi/SUnNPS3rBXk/default.jpg,0,[],2025-04-10T16:03:39Z,129535759,2539005,2526,1分10秒,28,Mark Rober,69500000,2011-10-20T06:17:58Z,218
19,I Dropped Popcorn on Movie-Texters,https://i.ytimg.com/vi/mWDLkNsWjgg/default.jpg,0,[],2023-05-10T02:50:18Z,128735949,5557388,13948,1分,28,Mark Rober,69500000,2011-10-20T06:17:58Z,218
20,How To GUARANTEE Your Team Wins,https://i.ytimg.com/vi/JUxn-lIcUFE/default.jpg,11,['NFL YouTube Creator Access Pass'],2024-02-17T21:00:03Z,127984299,5046047,8854,51秒,28,Mark Rober,69500000,2011-10-20T06:17:58Z,218
21,This Is The Worlds Stretchiest Cheese!,https://i.ytimg.com/vi/3Y2mE1Oph6A/default.jpg,55,[],2024-12-06T01:29:27Z,125603145,2134060,4522,39秒,28,Mark Rober,69500000,2011-10-20T06:17:58Z,218
22,ACTUAL World’s Smallest Violin with @ajr,https://i.ytimg.com/vi/s9g8jgZwXHg/default.jpg,84,[],2023-12-09T15:48:23Z,124816401,4970867,9262,57秒,28,Mark Rober,69500000,2011-10-20T06:17:58Z,218
23,Hidden message on Mars,https://i.ytimg.com/vi/p7f8oR5ELwk/default.jpg,0,[],2025-03-02T16:05:40Z,124347791,4255505,3938,57秒,28,Mark Rober,69500000,2011-10-20T06:17:58Z,218
24,I NEED ONE MORE SUBSCRIBER!!,https://i.ytimg.com/vi/llSOvSdU2a8/default.jpg,0,[],2024-03-15T16:40:27Z,123598359,6328767,10873,45秒,28,Mark Rober,69500000,2011-10-20T06:17:58Z,218
25,Freezing Water In Mid Air!,https://i.ytimg.com/vi/HzCR-8ZZ7Kk/default.jpg,0,[],2024-11-21T23:04:16Z,123155562,4590395,4548,1分,28,Mark Rober,69500000,2011-10-20T06:17:58Z,218
26,How To Lure A Gorilla With Your Phone,https://i.ytimg.com/vi/tFQ5wjQ-1o0/default.jpg,0,[],2025-01-16T21:52:59Z,121502271,5117540,3403,1分1秒,28,Mark Rober,69500000,2011-10-20T06:17:58Z,218
27,Testing if Sharks Can Smell a Drop of Blood,https://i.ytimg.com/vi/ugRc5jx80yg/default.jpg,2496,"['sharkweek', 'shark', 'discovery', 'bose', 'mark rober', 'can sharks smell a single drop of blood in the water', 'Mr. Beast', 'science', 'nasa', 'sharks', 'experiment', 'test']",2019-07-28T16:17:19Z,120369167,1926054,66716,13分23秒,28,Mark Rober,69500000,2011-10-20T06:17:58Z,218
28,"How to ALWAYS WIN ""Guess Who""",https://i.ytimg.com/vi/l9tOJy-IAvM/default.jpg,0,[],2024-05-23T14:00:41Z,120256908,5046250,7617,1分,28,Mark Rober,69500000,2011-10-20T06:17:58Z,218
29,Shark Attack Test- Human Blood vs. Fish Blood,https://i.ytimg.com/vi/vePc5V4h_kg/default.jpg,1642,"['sharks', 'sharkweek', 'jaws', 'shark attack', 'blood in water', 'Discovery']",2020-08-09T16:00:11Z,120188328,1559850,57778,16分37秒,28,Mark Rober,69500000,2011-10-20T06:17:58Z,218
30,Which seat is faster the FRONT or BACK?,https://i.ytimg.com/vi/qNgL7ebGSI0/default.jpg,0,[],2024-03-29T18:56:42Z,117868719,4585558,7774,49秒,28,Mark Rober,69500000,2011-10-20T06:17:58Z,218
31,"Destroying a $500,000 Gold Prime Bottle",https://i.ytimg.com/vi/fS97ytWlyGM/default.jpg,0,[],2023-11-06T19:14:09Z,117442846,4079909,14893,48秒,28,Mark Rober,69500000,2011-10-20T06:17:58Z,218
32,The REAL Truth Behind the DVD Logo,https://i.ytimg.com/vi/vqjc5M0le_s/default.jpg,0,[],2024-10-17T21:42:59Z,115998605,4720122,12288,56秒,28,Mark Rober,69500000,2011-10-20T06:17:58Z,218
33,Carnival Scam Science (and how to WIN),https://i.ytimg.com/vi/tk_ZlWJ3qJI/default.jpg,1172,"['carnival', 'carnival games', 'carnival scams', 'mark rober', 'science', 'ladder climb game', 'ring toss game', 'basket toss game', 'speed pitch game', 'milk bottle game', 'how to win', 'guava juice', 'how to beat carnival games', 'how to win carnival games', 'carnival science tricks', 'physics', 'jungle climb']",2017-10-24T20:03:45Z,115336475,1597877,43021,10分53秒,28,Mark Rober,69500000,2011-10-20T06:17:58Z,218
34,Backyard Squirrel Maze 2.0- The Walnut Heist,https://i.ytimg.com/vi/DTvS9lvRxZ8/default.jpg,747,[],2021-05-18T20:34:52Z,114230465,2421449,74387,16分41秒,28,Mark Rober,69500000,2011-10-20T06:17:58Z,218
35,Pranks Destroy Scam Callers- GlitterBomb Payback,https://i.ytimg.com/vi/xsLJZyih3Ac/default.jpg,1533,[],2022-05-08T16:36:44Z,110050191,3084420,63543,26分41秒,28,Mark Rober,69500000,2011-10-20T06:17:58Z,218
36,Beating 5 Scam Arcade Games with Science,https://i.ytimg.com/vi/Rsxao9ptdmI/default.jpg,956,[],2022-09-17T15:45:58Z,110004800,1590075,20014,18分5秒,28,Mark Rober,69500000,2011-10-20T06:17:58Z,218
37,Why do Tightrope Walkers Hold Long Poles?,https://i.ytimg.com/vi/Evie7TV-E8s/default.jpg,0,[],2024-12-12T17:00:15Z,103277488,3434030,3004,1分28秒,28,Mark Rober,69500000,2011-10-20T06:17:58Z,218
38,1500 Water Balloons + Trampoline- SLO MO!!,https://i.ytimg.com/vi/edRloa1ZHqY/default.jpg,963,"['water balloons', 'tramploline', 'slow mo', 'high speed', 'markr rober', 'giant water balloon', 'slow mo guys', 'jump', 'watermelon', 'nasa', 'backyard scientist', 'waterballoons', 'hugh water balloon']",2016-05-18T16:00:03Z,102279395,74374,1776,3分59秒,28,Mark Rober,69500000,2011-10-20T06:17:58Z,218
39,World's Largest Devil's Toothpaste Explosion,https://i.ytimg.com/vi/BHiWygziyso/default.jpg,980,[],2020-09-20T16:24:09Z,100321160,2068988,86545,22分7秒,28,Mark Rober,69500000,2011-10-20T06:17:58Z,218
40,Octopus vs Underwater Maze,https://i.ytimg.com/vi/7__r4FVj-EI/default.jpg,1588,[],2023-11-24T15:00:10Z,99388691,1766794,25292,17分13秒,28,Mark Rober,69500000,2011-10-20T06:17:58Z,218
41,World's Largest Elephant Toothpaste Experiment,https://i.ytimg.com/vi/Kou7ur5xt_4/default.jpg,1129,"['Mark Rober', 'Elephant Toothpaste', 'slime foam', 'experiement', 'diy', 'guiness world record', 'worlds largest', 'mr. beast', 'jello pool', 'jimmy kimmel', 'nasa', 'world record', 'dude perfect', 'lastpass', 'lastpass login', 'password', 'password generator', 'lastpass chrome', 'lastpass download', 'lastpass premium', 'random password generator', 'generate password', 'password manager', 'recover', 'lastpas', 'laspass', 'lastpass premium features', 'delete account mobogram', 'lastpass.com', 'how secure is my password']",2019-08-29T18:54:35Z,98520448,1296211,36357,10分33秒,28,Mark Rober,69500000,2011-10-20T06:17:58Z,218
42,How to Survive a Grenade Blast,https://i.ytimg.com/vi/W4DnuQOtA8E/default.jpg,1110,"['mark rober', 'grenade', 'explosion', 'macguyver', 'water grenade', 'mythbusters', 'survive grenade blast', 'skin a watermelon', 'watermelon', 'underwater explosion', 'shock wave', 'balloon', 'pressure wave', 'nasa']",2016-04-06T16:00:01Z,97803163,1137807,48745,5分,27,Mark Rober,69500000,2011-10-20T06:17:58Z,218
43,World's Longest Field Goal- Robot vs NFL Kicker,https://i.ytimg.com/vi/P_6my53IlxY/default.jpg,1209,[],2021-02-06T21:31:28Z,96795999,1272830,36622,19分41秒,28,Mark Rober,69500000,2011-10-20T06:17:58Z,218
44,Instantly Freezing Water!,https://i.ytimg.com/vi/qyIzUOVG840/default.jpg,25,[],2025-03-28T16:01:08Z,96068677,2786351,2783,57秒,28,Mark Rober,69500000,2011-10-20T06:17:58Z,218
45,Glitterbomb Trap Catches Phone Scammer (who gets arrested),https://i.ytimg.com/vi/VrKW58MS12g/default.jpg,1447,[],2021-03-18T18:49:50Z,95406648,2675899,97439,23分14秒,28,Mark Rober,69500000,2011-10-20T06:17:58Z,218
46,MrBeast Pranked With Falling Bottles,https://i.ytimg.com/vi/PreiWhOgUJ0/default.jpg,0,[],2024-03-02T17:25:11Z,93621657,4123013,4706,1分,28,Mark Rober,69500000,2011-10-20T06:17:58Z,218
47,Tesla vs Fake Wall,https://i.ytimg.com/vi/U1MigIJXJx8/default.jpg,0,[],2025-03-16T18:41:04Z,93470190,3294576,5210,1分,28,Mark Rober,69500000,2011-10-20T06:17:58Z,218
48,Can You Turn On a TV With a Lighter?,https://i.ytimg.com/vi/fxD5-fcLJ2k/default.jpg,0,[],2024-10-03T18:53:23Z,92826840,3289388,4100,48秒,28,Mark Rober,69500000,2011-10-20T06:17:58Z,218
49,Glitter Bomb 1.0 vs Porch Pirates,https://i.ytimg.com/vi/xoxhDk-hwuo/default.jpg,1060,"['glitter bomb compilation', 'glitter bomb package', 'glitter bomb prank', 'glitter bomb', 'package thief', 'package thief revenge', 'package thief caught']",2018-12-17T19:55:40Z,92826693,2386383,153522,8分11秒,28,Mark Rober,69500000,2011-10-20T06:17:58Z,218
50,This Ball is Impossible to Hit,https://i.ytimg.com/vi/T9xsTO6ujqM/default.jpg,1399,[],2023-05-28T16:57:34Z,90488325,994498,14055,24分20秒,28,Mark Rober,69500000,2011-10-20T06:17:58Z,218
51,Surfing on 3.5 Million BBs!,https://i.ytimg.com/vi/0OehwWCaKX8/default.jpg,0,[],2025-01-03T16:00:01Z,88643704,2832436,2227,54秒,28,Mark Rober,69500000,2011-10-20T06:17:58Z,218
52,Human Glue Trap vs My Nephew,https://i.ytimg.com/vi/rWMWYrcwZWU/default.jpg,20,[],2023-09-13T15:00:42Z,87943798,3964947,8499,53秒,28,Mark Rober,69500000,2011-10-20T06:17:58Z,218
53,This Goalie Cheated With His Water Bottle,https://i.ytimg.com/vi/-szPVwMomuY/default.jpg,0,[],2024-09-12T15:04:24Z,87461311,3257692,1535,1分,28,Mark Rober,69500000,2011-10-20T06:17:58Z,218
54,Acid vs Lava- Testing Liquids That Melt Everything,https://i.ytimg.com/vi/JdFRjsEZrmU/default.jpg,1434,[],2023-11-18T15:00:17Z,84869918,1275109,16155,20分37秒,28,Mark Rober,69500000,2011-10-20T06:17:58Z,218
55,Mark Rober vs GOAT of Cricket,https://i.ytimg.com/vi/tt_l_-5_8WU/default.jpg,57,[],2025-05-23T21:54:41Z,84339969,2589105,4711,49秒,28,Mark Rober,69500000,2011-10-20T06:17:58Z,218
56,I don’t need one more subscriber,https://i.ytimg.com/vi/kIPiqwwJYYc/default.jpg,0,[],2024-04-23T15:16:32Z,81345874,3517150,3268,48秒,28,Mark Rober,69500000,2011-10-20T06:17:58Z,218
57,Feeding Bill Gates a Fake Burger (to save the world),https://i.ytimg.com/vi/-k-V3ESHcfA/default.jpg,857,[],2020-02-12T20:59:34Z,79517199,1738323,89097,16分39秒,28,Mark Rober,69500000,2011-10-20T06:17:58Z,218
58,Glitter Bomb 2.0 vs Porch Pirates,https://i.ytimg.com/vi/a_TSR_v07m0/default.jpg,1441,"['package thief', 'glitter bomb', 'porch pirate', 'glitter bomb prank', 'glitter bomb package', 'funny', '2019', 'funny videos', 'prank', 'react', 'science', 'engineering', 'package thief revenge', 'glitter bomb trap', 'package thief caught', 'glitter', 'home alone', 'mark rober', 'porch pirates', 'package thieves', 'update', 'trap', 'viral', 'funny videos 2019', 'caught on camera', 'comedy', 'pranks', 'porch', 'theif', 'holiday', 'christmas', 'amazon package', 'jimmy kimmel']",2019-12-15T17:00:01Z,79276349,2484633,88458,16分3秒,28,Mark Rober,69500000,2011-10-20T06:17:58Z,218
59,World Record Domino Robot (100k dominoes in 24hrs),https://i.ytimg.com/vi/8HEfIJlcFbs/default.jpg,1238,"['domino', 'dominoes', 'lily hevesh', 'world record', 'Guinness world record']",2021-07-26T19:59:46Z,79221162,1310866,33709,14分11秒,28,Mark Rober,69500000,2011-10-20T06:17:58Z,218
60,Drinking Nasty Swamp Water (to save the world),https://i.ytimg.com/vi/6qZWMNW7GmE/default.jpg,1293,"['Gates', 'Bill Gates', 'Drinking Swamp water', 'chemistry', 'flocculant', 'flocculation', 'P&G', 'proctor and gamble', 'gates annual letter', 'gaets 2019 annual letter', 'mark rober', 'nasa', 'africa', 'water', 'drinking water', 'foriegn aid', 'humanitarian', 'pizza rolls', 'selfish altruism', 'poor countries', 'rich countries', 'developing nations']",2019-02-15T20:20:12Z,75955851,1381577,70060,11分7秒,28,Mark Rober,69500000,2011-10-20T06:17:58Z,218
61,World's First Auto-Celebration Football,https://i.ytimg.com/vi/P6xdUwr1l3M/default.jpg,11,[],2024-08-29T15:00:28Z,73558431,2784110,2414,1分,28,Mark Rober,69500000,2011-10-20T06:17:58Z,218
62,World’s Smallest Nerf Gun Shoots an Ant,https://i.ytimg.com/vi/9c2NqlUWZfo/default.jpg,2736,[],2023-09-30T13:00:07Z,72582860,795235,13545,21分50秒,28,Mark Rober,69500000,2011-10-20T06:17:58Z,218
63,Mark Rober vs LEGO Floor #LEGOWorldPlayDay,https://i.ytimg.com/vi/aL6P0ChwcHg/default.jpg,182,[],2025-06-11T16:31:10Z,71141723,1236022,1957,1分28秒,28,Mark Rober,69500000,2011-10-20T06:17:58Z,218
64,Mark Rober vs Dude Perfect- Ultimate Robot Battle,https://i.ytimg.com/vi/P4gNS0Iiu0Q/default.jpg,1855,[],2024-09-07T18:01:46Z,70149975,836376,175383,19分,28,Mark Rober,69500000,2011-10-20T06:17:58Z,218
65,Flying Phone Scam Exposed (so I built a REAL one),https://i.ytimg.com/vi/LEZCxxKp0hM/default.jpg,1440,"['scam', 'drone', 'flying phone case', 'amazing maker', 'how to amazing make mobile drone', 'mobile drone', 'fake', 'fake viral video', 'debunked', 'hoax', 'flying selfie phone', 'science', 'mark rober', 'nasa', 'captain disillusion', 'peter sripol', 'viral video debunk', 'physics', 'carnival scam science', 'arcade scam science']",2018-09-27T20:00:26Z,68953942,1324367,29942,10分57秒,28,Mark Rober,69500000,2011-10-20T06:17:58Z,218
66,This Ball Is Impossible To Hit,https://i.ytimg.com/vi/lcIObyvI3uw/default.jpg,1406,[],2023-08-11T22:06:05Z,68376804,2185540,1021,43秒,28,Mark Rober,69500000,2011-10-20T06:17:58Z,218
67,80mph Tennis Balls Shot at @ajr,https://i.ytimg.com/vi/DUIjzXxUZNQ/default.jpg,0,[],2023-10-03T21:39:44Z,65751471,2520804,4838,49秒,28,Mark Rober,69500000,2011-10-20T06:17:58Z,218
68,World's First Automatic Strike Bowling Ball,https://i.ytimg.com/vi/wM5NHC97JBw/default.jpg,1498,"['bowling', 'bowling ball', 'trick shot', 'trick shots', 'nasa', 'mark rober', 'dude perfect', 'Mr. Beast', 'beast', 'teamtrees', 'trees', 'engineering', 'last to fall wins $1000000']",2019-11-14T21:10:46Z,64486169,816468,18183,5分50秒,28,Mark Rober,69500000,2011-10-20T06:17:58Z,218
69,This Robot Eats Trash #TeamSeas,https://i.ytimg.com/vi/pXDx6DjNLDU/default.jpg,893,[],2021-10-29T19:59:25Z,63569514,1958023,43611,11分44秒,28,Mark Rober,69500000,2011-10-20T06:17:58Z,218
70,MrBeast Pranked By Mark Rober At CrunchLabs,https://i.ytimg.com/vi/ga3EJ6CN7ZE/default.jpg,71,[],2024-04-01T15:01:37Z,62765120,2624704,3706,1分,28,Mark Rober,69500000,2011-10-20T06:17:58Z,218
71,Coin Flips Aren't Actually 50-50,https://i.ytimg.com/vi/8ELpYt36yPM/default.jpg,0,[],2024-12-16T23:11:31Z,61868976,3113064,3604,1分25秒,28,Mark Rober,69500000,2011-10-20T06:17:58Z,218
72,Glitterbomb 3.0 vs. Porch Pirates,https://i.ytimg.com/vi/h4T_LlK1VE4/default.jpg,1979,[],2020-12-16T19:21:38Z,60969259,2054879,129282,22分11秒,28,Mark Rober,69500000,2011-10-20T06:17:58Z,218
73,Remote-Control Shopping Cart Prank!,https://i.ytimg.com/vi/eMeRRgeS4Ow/default.jpg,0,[],2023-05-24T00:25:15Z,60618875,2842720,9021,1分,28,Mark Rober,69500000,2011-10-20T06:17:58Z,218
74,The Craziest Fact I Know,https://i.ytimg.com/vi/egbIh5aic-k/default.jpg,0,[],2024-03-22T14:00:28Z,59258496,2663563,4986,1分,28,Mark Rober,69500000,2011-10-20T06:17:58Z,218
75,25 Million Orbeez in a pool- Do you sink or float?,https://i.ytimg.com/vi/MFVXsnq230c/default.jpg,934,"['Orbeez', 'waterballs', 'water balls', 'swimming pool', 'vat19', 'mark rober', 'nasa', 'worlds largest nerf gun', 'watermelon', 'backyard scientist', 'slo mo', 'high speed', 'squarespace', 'pool jump', 'extreme', 'gopro', 'fun', 'quicksand']",2016-08-16T16:00:02Z,58274931,736620,55303,5分50秒,28,Mark Rober,69500000,2011-10-20T06:17:58Z,218
76,Testing If You Can Blow Your Own Sail,https://i.ytimg.com/vi/M7-h3FO-KKo/default.jpg,1915,[],2024-03-02T15:00:19Z,56263095,1215704,18690,17分7秒,28,Mark Rober,69500000,2011-10-20T06:17:58Z,218
77,Bed Bugs- What You've Been Told is Totally False,https://i.ytimg.com/vi/2JAOTJxYqh8/default.jpg,1295,[],2023-03-04T14:00:00Z,55466562,932986,26341,23分47秒,28,Mark Rober,69500000,2011-10-20T06:17:58Z,218
78,World's First Flying Graduation Cap,https://i.ytimg.com/vi/TkUxM_HQgG0/default.jpg,4,[],2024-05-16T14:00:31Z,55309267,2583879,2412,54秒,28,Mark Rober,69500000,2011-10-20T06:17:58Z,218
79,World's Tallest Elephant Toothpaste Volcano,https://i.ytimg.com/vi/e09xig209cQ/default.jpg,1055,"[""Elephant's Toothpaste"", 'World Record', 'Slime', 'Elephant Toothpaste']",2021-09-04T16:19:31Z,54995927,1382977,34103,16分20秒,28,Mark Rober,69500000,2011-10-20T06:17:58Z,218
80,"My Rock, Paper, Scissors Robot Never Loses (+9 Other Inventions)",https://i.ytimg.com/vi/Twn_4AW0M6U/default.jpg,2238,[],2024-11-02T15:00:37Z,54905383,444517,14565,19分17秒,28,Mark Rober,69500000,2011-10-20T06:17:58Z,218
81,World's Largest Horn Shatters Glass,https://i.ytimg.com/vi/pFEB0chiuJA/default.jpg,1969,"['horn', 'massive horn', 'air horn', 'guiness world record', 'mark rober', ""world's largest nerf gun"", ""world's largest super soaker"", 'slow mo', 'high speed', ""world's largest"", ""what's inside""]",2018-11-28T19:54:24Z,54510827,984983,28702,9分16秒,28,Mark Rober,69500000,2011-10-20T06:17:58Z,218
82,You've Never Seen A Wheelchair Like This,https://i.ytimg.com/vi/QpwJEYGCngI/default.jpg,1952,[],2024-03-23T14:00:15Z,54312860,843121,15010,16分49秒,28,Mark Rober,69500000,2011-10-20T06:17:58Z,218
83,Why Don't Ice Rinks Melt?,https://i.ytimg.com/vi/PGBb_9Zuti0/default.jpg,108,[],2024-06-21T19:37:03Z,53923143,2418300,2723,1分,28,Mark Rober,69500000,2011-10-20T06:17:58Z,218
84,How much pee is in a pool?,https://i.ytimg.com/vi/apSq3ZC3Sc8/default.jpg,0,[],2024-09-05T15:11:42Z,53128372,2819686,4926,1分,28,Mark Rober,69500000,2011-10-20T06:17:58Z,218
85,The Truth About my Son,https://i.ytimg.com/vi/ybPgmjTRvMo/default.jpg,974,[],2021-04-16T17:16:07Z,53079574,2869056,137821,10分22秒,28,Mark Rober,69500000,2011-10-20T06:17:58Z,218
86,World's Largest Super Soaker,https://i.ytimg.com/vi/T1KRQ3RcvXA/default.jpg,2168,"['Super soaker', 'lonnie johnson', 'mark rober', 'nasa', 'Guinness World Record', 'i like to make stuff', 'jpl', 'nerf', ""world's largest nerf gun"", ""world's largest super soaker"", 'water gun', 'water fight', 'water balloon', 'summer', 'high pressure', 'watermelon', 'fruit ninja', 'double rainbow', 'slow mo', 'high speed', 'diy', 'build', 'nerf gun', 'nerf war']",2017-07-11T19:01:28Z,52229746,386383,13786,8分5秒,28,Mark Rober,69500000,2011-10-20T06:17:58Z,218
87,Subscribe To Win MrBeast's Tesla!,https://i.ytimg.com/vi/On8yuLrW0pM/default.jpg,0,[],2024-07-13T16:11:33Z,51912498,2170325,7955,1分,28,Mark Rober,69500000,2011-10-20T06:17:58Z,218
88,Public shaming at a Sharks game,https://i.ytimg.com/vi/-K8xL6laeEU/default.jpg,0,[],2023-06-11T18:55:15Z,50995566,2611863,8596,1分1秒,28,Mark Rober,69500000,2011-10-20T06:17:58Z,218
89,Dude Perfect helps Mark Rober be Zach King,https://i.ytimg.com/vi/fltt6z6pcx8/default.jpg,22,[],2023-09-22T16:52:13Z,50747487,1693270,5209,21秒,28,Mark Rober,69500000,2011-10-20T06:17:58Z,218
90,"Decoy Mark Rober vs 50,000 nerds",https://i.ytimg.com/vi/-Dp68auqAwk/default.jpg,0,[],2024-06-13T16:03:24Z,50376260,2080434,2742,58秒,28,Mark Rober,69500000,2011-10-20T06:17:58Z,218
91,This Arcade Game is a SCAM (I have proof),https://i.ytimg.com/vi/vXBfwgwT1nQ/default.jpg,698,"['arcade', 'scam', 'science', 'cyclone', 'arcade scam', 'arcade hack', 'game', 'nasa', 'mark rober', 'carnival', 'carnival scam science', 'rigged game', 'cheat', 'how to win', 'robot', 'maker', 'skillshare']",2018-01-03T20:57:20Z,50303876,801363,17363,7分9秒,28,Mark Rober,69500000,2011-10-20T06:17:58Z,218
92,Raw Egg vs Hard Boiled Egg Test,https://i.ytimg.com/vi/MUIpkjDoVEE/default.jpg,0,[],2024-12-28T16:26:38Z,49524308,1999197,2273,59秒,28,Mark Rober,69500000,2011-10-20T06:17:58Z,218
93,The Fastest Way To Make A Salad!,https://i.ytimg.com/vi/6zU2rLYHLhw/default.jpg,50,[],2025-01-23T16:08:11Z,49336841,1961038,2324,1分16秒,28,Mark Rober,69500000,2011-10-20T06:17:58Z,218
94,What happens if you don't use Airplane mode?,https://i.ytimg.com/vi/fr49XGgewao/default.jpg,0,[],2024-09-19T15:07:57Z,49202779,2580236,5307,1分,28,Mark Rober,69500000,2011-10-20T06:17:58Z,218
95,This Robot Is Impossible To Beat!,https://i.ytimg.com/vi/qgZReY9jnj4/default.jpg,0,[],2025-02-13T16:09:53Z,49093792,1763891,3114,1分21秒,28,Mark Rober,69500000,2011-10-20T06:17:58Z,218
96,Car Thieves vs the Almost Final GlitterBomb 5.0,https://i.ytimg.com/vi/iWeu2dxHRDg/default.jpg,1727,[],2022-12-16T22:30:50Z,49082601,1334898,40605,18分21秒,28,Mark Rober,69500000,2011-10-20T06:17:58Z,218
97,Metronome Synchronization Is Like Magic,https://i.ytimg.com/vi/RYeNu159Sgc/default.jpg,0,[],2025-05-15T16:30:17Z,48916724,1591547,10408,1分7秒,28,Mark Rober,69500000,2011-10-20T06:17:58Z,218
98,World's Largest Nerf Gun,https://i.ytimg.com/vi/57MKxz4pJKE/default.jpg,986,"['nerf', 'mark rober', 'nasa', 'world record', 'guinness book of world records', 'nerf blaster', 'dude perfect', 'watermelon', 'nerf gun', 'huge']",2016-06-21T16:00:01Z,48727539,354960,9872,3分18秒,28,Mark Rober,69500000,2011-10-20T06:17:58Z,218
99,Candy Thieves vs Rigged Candy Bowl,https://i.ytimg.com/vi/Zb01RStdzEs/default.jpg,1210,[],2023-11-01T19:30:44Z,48632594,869047,18659,18分36秒,28,Mark Rober,69500000,2011-10-20T06:17:58Z,218
100,How to Measure ANY Cliffs Height with a Rock,https://i.ytimg.com/vi/7x7SF83eh9M/default.jpg,0,[],2024-07-18T18:17:33Z,48132598,1877167,4480,46秒,28,Mark Rober,69500000,2011-10-20T06:17:58Z,218
101,Robot Piano Catches Fire Playing Rush E (World’s Hardest Song),https://i.ytimg.com/vi/uBEL3YVzMwk/default.jpg,1710,[],2022-03-19T17:03:50Z,47202569,1196205,37014,11分34秒,28,Mark Rober,69500000,2011-10-20T06:17:58Z,218
102,World’s Longest Drink Helmet,https://i.ytimg.com/vi/xkDvVUtYACE/default.jpg,11,['NFL YouTube Creator Access Pass'],2024-02-17T19:05:08Z,46005636,1683782,2447,46秒,28,Mark Rober,69500000,2011-10-20T06:17:58Z,218
103,NICEST Car Horn Ever- DIY,https://i.ytimg.com/vi/lv8wqnk_TsA/default.jpg,2457,"['horn', 'car', 'car horn', 'diy', 'maker', 'make', 'custom', 'pimp my ride', 'courtesy honk', 'mark rober', 'nasa', 'watermelon', 'orbeez', 'nerf gun', 'i like to make stuff', 'bob', 'richard feynman', 'audible', 'train horn', 'semi truck horn', 'fidget spinner', 'jetta', 'car mod', 'jalopnick']",2017-06-14T20:21:14Z,45709847,792856,23339,4分52秒,28,Mark Rober,69500000,2011-10-20T06:17:58Z,218
104,Measuring How Much Pee Is In Your Pool,https://i.ytimg.com/vi/S32y9aYEzzo/default.jpg,1629,"['pee', 'pee in pools', 'urine', 'how much pee is in a pool', 'can you pee in the pool', 'water', 'spa', 'hot tub', 'science', 'university of alberta', 'lindsay blackstock', 'mark rober', 'nasa', 'buzzfeed', 'summer', 'swimming', 'trichloramine', 'gross', 'poo', 'gallons of pee', 'community pool', 'chlorine', 'michael phelps', 'finding nemo', 'nathan for you', 'bear grylls']",2017-08-22T20:29:16Z,45231751,651562,38979,10分30秒,28,Mark Rober,69500000,2011-10-20T06:17:58Z,218
105,MrBeast vs Electric Shock Jenga,https://i.ytimg.com/vi/H8G9G_lPmTM/default.jpg,0,[],2024-02-28T16:00:19Z,45008536,1700314,1606,1分1秒,28,Mark Rober,69500000,2011-10-20T06:17:58Z,218
106,How to Escape a Police Sniffing Dog,https://i.ytimg.com/vi/md75n8cyenA/default.jpg,1395,[],2023-06-21T21:04:23Z,44728913,737615,14244,27分37秒,28,Mark Rober,69500000,2011-10-20T06:17:58Z,218
107,Lasers vs Lightning- Which Is More Powerful?,https://i.ytimg.com/vi/h5Zwg3Ag-bE/default.jpg,1843,[],2024-11-16T16:05:49Z,44018775,617774,7974,28分18秒,28,Mark Rober,69500000,2011-10-20T06:17:58Z,218
108,Does Earth’s Spin Change Airplane Speed?,https://i.ytimg.com/vi/D8Gz_uOBtG0/default.jpg,0,[],2023-06-07T03:05:48Z,43344333,1866004,12950,1分,28,Mark Rober,69500000,2011-10-20T06:17:58Z,218
109,Why can you see the moon during the day?,https://i.ytimg.com/vi/f7hHtuS7ygY/default.jpg,0,[],2025-04-03T15:30:20Z,43119850,1587652,3877,1分30秒,28,Mark Rober,69500000,2011-10-20T06:17:58Z,218
110,Backyard Squirrelympics 3.0- The Summer Games,https://i.ytimg.com/vi/lg5wznn3IBE/default.jpg,2351,[],2022-10-23T20:00:40Z,42881332,1113227,46561,23分15秒,28,Mark Rober,69500000,2011-10-20T06:17:58Z,218
111,Car Thief Gets Instant Karma (the FINAL Glitterbomb 6.0),https://i.ytimg.com/vi/iWWWyG5ZwG8/default.jpg,1542,[],2023-12-09T15:00:37Z,42354596,1054283,26353,20分27秒,28,Mark Rober,69500000,2011-10-20T06:17:58Z,218
112,How To Fool Your Brain!,https://i.ytimg.com/vi/eW8ZNkuLhZw/default.jpg,0,[],2025-06-27T15:30:20Z,41595803,1019993,3545,1分9秒,28,Mark Rober,69500000,2011-10-20T06:17:58Z,218
113,Amazing Invention- This Drone Will Change Everything,https://i.ytimg.com/vi/DOWDNBu9DkU/default.jpg,1718,[],2023-03-18T15:26:03Z,41419387,1127005,29836,21分32秒,28,Mark Rober,69500000,2011-10-20T06:17:58Z,218
114,1st place Egg Drop project ideas- using SCIENCE,https://i.ytimg.com/vi/nsnyl8llfH4/default.jpg,745,"['1st', 'Project', 'Egg Drop Project', 'Physics', 'Egg Drop', 'Egg', 'Egg drop competition ideas', 'Egg Drop Competition', 'Science (TV Genre)', '1st place', 'egg drop ideas', 'egg drop designs', 'egg drop project', 'straws', 'balloons', 'helium', 'up', 'mark rober', 'nasa', 'atm pincode hack']",2015-05-27T17:30:00Z,41419157,516159,18282,9分49秒,26,Mark Rober,69500000,2011-10-20T06:17:58Z,218
115,Lava vs Lasers - Which Is More Destructive?,https://i.ytimg.com/vi/25N0R1KnXVs/default.jpg,1505,[],2024-05-25T15:13:34Z,40687189,626629,9713,25分38秒,28,Mark Rober,69500000,2011-10-20T06:17:58Z,218
116,iPhone ATM PIN code hack- HOW TO PREVENT,https://i.ytimg.com/vi/8Vc-69M-UWk/default.jpg,695,"['Automated Teller Machine (Accommodation Feature)', 'Hacker (Character Power)', 'Iphone', 'flir', 'infrared', 'IR camera', 'PIN CODE hack', 'mark rober', 'nasa', 'hack']",2014-08-28T15:50:44Z,40176882,281259,9089,3分46秒,26,Mark Rober,69500000,2011-10-20T06:17:58Z,218
117,Why Do Football Players Wear Black Eye Paint?,https://i.ytimg.com/vi/pzRH6JbphrI/default.jpg,0,[],2025-05-08T16:18:15Z,39115096,971942,2130,50秒,28,Mark Rober,69500000,2011-10-20T06:17:58Z,218
118,How To See Germs Spread Experiment (Coronavirus),https://i.ytimg.com/vi/I5-dI74zxPg/default.jpg,1040,"['mark rober', 'rober', 'science', 'how to', 'germs', 'coronavirus', 'education', 'COVID-19', 'CORONA', 'VIRAL', 'virus', 'social distancing', 'nasa', 'pandemic', 'experiment', '3rd grade', 'COVID19']",2020-03-18T19:59:35Z,38804075,712133,31211,8分37秒,28,Mark Rober,69500000,2011-10-20T06:17:58Z,218
119,The HARDEST Object In Your House...,https://i.ytimg.com/vi/3jfjdGwontY/default.jpg,0,[],2025-02-06T16:00:09Z,38685975,1571133,3303,1分12秒,28,Mark Rober,69500000,2011-10-20T06:17:58Z,218
120,200 dropped wallets- the 20 MOST and LEAST HONEST cities,https://i.ytimg.com/vi/jnL7sJYblGY/default.jpg,1818,"['wallet', 'wallet drop', 'honesty test', 'social experiement', 'disneyland', 'detroit', 'salt lake city', 'nasa', 'mark rober', 'liquid sand hot tub', 'chicago', 'honesty', 'social', 'san francisco', 'nyc', 'lost wallet', 'most honest cities', 'least honest cities', 'city rank']",2018-05-09T19:03:01Z,36819244,765786,45653,8分24秒,28,Mark Rober,69500000,2011-10-20T06:17:58Z,218
121,Testing The World's Smartest Crow,https://i.ytimg.com/vi/tpg3VvoIVfA/default.jpg,2020,[],2024-12-07T16:00:36Z,36721022,679964,11532,22分55秒,28,Mark Rober,69500000,2011-10-20T06:17:58Z,218
122,My Secret Warehouse Tour,https://i.ytimg.com/vi/h8g9wfI9nGI/default.jpg,1819,[],2022-06-15T18:59:45Z,36613635,865932,21755,17分16秒,28,Mark Rober,69500000,2011-10-20T06:17:58Z,218
123,World’s Largest Frisbee Launcher,https://i.ytimg.com/vi/1g4eGf7394I/default.jpg,63,[],2023-04-25T16:28:38Z,35078440,1262863,1026,57秒,28,Mark Rober,69500000,2011-10-20T06:17:58Z,218
124,EXPLODING Glitter Bomb 4.0 vs. Package Thieves,https://i.ytimg.com/vi/3c584TGG7jQ/default.jpg,2984,[],2021-12-13T22:02:27Z,34757449,1394732,52818,16分54秒,28,Mark Rober,69500000,2011-10-20T06:17:58Z,218
125,CAR vs. WORLD’S STRONGEST TRAMPOLINE- 150ft (45m) drop,https://i.ytimg.com/vi/tMKXbLBgkEc/default.jpg,778,"['car', 'trampoline', ""world's largest"", 'world record', 'how ridiculous', 'bounce', 'big bounce', 'mark rober', 'nasa', 'apple', 'water balloons', 'orbeez', 'austrialla', 'boat', 'egg drop', 'car drop', 'epic']",2020-03-02T20:58:29Z,34219288,906954,40464,14分37秒,28,Mark Rober,69500000,2011-10-20T06:17:58Z,218
126,World's Largest Lemon Battery,https://i.ytimg.com/vi/a1D-fZP8qJk/default.jpg,1772,"[""Pike's peak"", 'lemon battery', 'lemons', 'fruit battery', 'world record', 'supercar', 'potato battery', 'nasa', 'zipline', 'mark rober', 'regenerative braking', 'diy', 'william osman', 'biohack dog', 'fire', 'rube goldberg', 'electricity', 'how electricity works', 'renewable energy', 'solar power', 'fossil fuels', 'kids having fun']",2018-06-23T17:02:19Z,33389432,537429,22865,12分4秒,28,Mark Rober,69500000,2011-10-20T06:17:58Z,218
127,Beat Any Escape Room- 10 proven tricks and tips,https://i.ytimg.com/vi/zwgaTYOx0RI/default.jpg,1716,"['escape room', 'how to win an escape room', 'escape room tricks', 'escape room tips', 'science', 'scott nicholson', 'red bull escape room', 'escape challenge', 'saw escape room', 'laser tag', '5wits', 'mark rober', 'nasa', 'liquid sand hot tub']",2018-08-29T19:58:27Z,33291055,542025,12779,11分22秒,28,Mark Rober,69500000,2011-10-20T06:17:58Z,218
128,Subscribe To Win a Brand New Truck!,https://i.ytimg.com/vi/mRmpAOCv06w/default.jpg,89,[],2024-11-13T18:34:12Z,33155027,1282027,3559,1分,28,Mark Rober,69500000,2011-10-20T06:17:58Z,218
129,Help Me Pass Taylor Swift in Subscribers!,https://i.ytimg.com/vi/y_cZWgZB_m8/default.jpg,0,[],2024-12-20T17:16:49Z,32901704,975059,2871,44秒,28,Mark Rober,69500000,2011-10-20T06:17:58Z,218
130,My Puzzle Robot is 200x Faster Than a Human,https://i.ytimg.com/vi/Sqr-PdVYhY4/default.jpg,2152,[],2024-07-13T15:19:36Z,32795207,535833,12696,21分21秒,28,Mark Rober,69500000,2011-10-20T06:17:58Z,218
131,EASY Pinewood Derby Car WINS using Science!!!,https://i.ytimg.com/vi/-RjJtO51ykY/default.jpg,1602,"['Pinewood Derby (Recurring Event)', 'racing', 'science', 'pinewood derby tips', 'fast pinewood derby car', 'how to win pinewood derby', 'physics', 'pinewood derby science', 'pinewood derby physics', 'canted wheels', 'bent axels', 'polished axels', 'mark rober', 'How-to (Media Genre)', 'pinewood derby cars', 'pinewood derby car', 'pinewood derby car designs', 'pinewood derby car ideas', 'pinewood derby speed secrets', 'pinewood derby axles', 'pinewood derby weight placement', 'pinewood derby wheels', 'pinewood derby tricks']",2014-04-16T16:07:46Z,32340014,332902,12752,15分59秒,26,Mark Rober,69500000,2011-10-20T06:17:58Z,218
132,This Leaf is Nature’s Coolest Invention,https://i.ytimg.com/vi/SyK_te4Zu3c/default.jpg,0,[],2024-08-08T16:23:03Z,31851759,1353174,3893,57秒,28,Mark Rober,69500000,2011-10-20T06:17:58Z,218
133,Vortex Cannon vs Drone,https://i.ytimg.com/vi/SrGENEXocJU/default.jpg,1950,[],2024-04-20T14:36:39Z,31139204,599198,13557,20分44秒,28,Mark Rober,69500000,2011-10-20T06:17:58Z,218
134,BEST Guess Who Strategy- 96% WIN record using MATH,https://i.ytimg.com/vi/FRlbNOno5VA/default.jpg,1775,"['guess who', 'board game', 'strategy', 'win guess who', 'best strategy for guess who', 'mark rober', 'skin a watermelon', 'nasa', 'statistics', 'proabilities', 'Monopoly (Game)', 'watermelon smoothie', 'atm pin code hack', 'egg drop experiment', 'pinewood derby']",2015-11-17T15:30:00Z,30002100,455032,15970,12分25秒,26,Mark Rober,69500000,2011-10-20T06:17:58Z,218
135,"Rocket Powered Golf Club at 100,000 FPS",https://i.ytimg.com/vi/oBcxuzdP3rs/default.jpg,1697,"['golf', 'golf club', 'rocket golf club', 'estes', 'mark rober', 'glitter bomb', 'smarter every day', 'destin', 'titleist', 'wix', 'watermelon', 'glass shatter', 'glass smash', 'watermelon smash', 'engineering', 'stem', 'science', 'fail', 'failure process', 'long drive', 'drive', 'high speed', 'slow mo']",2019-03-31T16:43:44Z,29963961,444434,17613,14分39秒,28,Mark Rober,69500000,2011-10-20T06:17:58Z,218
136,I Invented A Robot YOU Can Hack,https://i.ytimg.com/vi/kc_YIEYu1N4/default.jpg,0,[],2024-07-04T15:04:19Z,29445637,1276411,2900,59秒,28,Mark Rober,69500000,2011-10-20T06:17:58Z,218
137,Playing Card Machine Gun- Card Throwing Trick Shots,https://i.ytimg.com/vi/GYCI58pMGuQ/default.jpg,551,"['Rick Smith Jr.', 'Card throwing', 'Dude Perfect', 'Card throw trick shots', 'Card machine gun', 'Card throwing trick shots', 'DIY', 'build', 'maker', 'nasa', 'mark rober', 'trick shots']",2018-11-01T12:58:27Z,28911440,401418,18145,10分36秒,28,Mark Rober,69500000,2011-10-20T06:17:58Z,218
138,Stealing Baseball Signs with a Phone (Machine Learning),https://i.ytimg.com/vi/PmlRbfSavbI/default.jpg,1744,"['mark rober', 'baseball', 'signs', 'sign stealing', 'cheating', 'caught cheating', 'machine learning', 'neural networks', 'machine learning app', 'ML', 'AI', 'artificial intelligence', 'nasa', 'stealing second base', 'machine learning made simple', 'machine learning simple', 'app', 'code breaking', 'phone']",2019-06-30T17:23:23Z,28896316,454525,13999,13分30秒,28,Mark Rober,69500000,2011-10-20T06:17:58Z,218
139,"Using Drones to Plant 20,000,000 Trees",https://i.ytimg.com/vi/U7nJBFjKqAY/default.jpg,1839,"['#teamtrees', 'trees', 'plant trees', 'mr. beast', 'arbor day', 'tree', '20M trees', '20M trees by 2020', 'mark rober']",2019-10-25T19:01:06Z,28241207,956135,39798,11分34秒,28,Mark Rober,69500000,2011-10-20T06:17:58Z,218
140,9 different density layers,https://i.ytimg.com/vi/0rVF_cl9trE/default.jpg,0,[],2025-04-17T16:22:02Z,27444349,560691,722,45秒,28,Mark Rober,69500000,2011-10-20T06:17:58Z,218
141,Racing Cars Is Even Harder Than You Think,https://i.ytimg.com/vi/dLgVlW4nSGU/default.jpg,246,[],2023-12-31T15:00:40Z,27020321,980893,1979,38秒,28,Mark Rober,69500000,2011-10-20T06:17:58Z,218
142,World's Largest T-Shirt Cannon (breaks the roof),https://i.ytimg.com/vi/QiKZYt9070U/default.jpg,767,[],2021-12-20T19:47:17Z,26882380,656927,15733,15分12秒,28,Mark Rober,69500000,2011-10-20T06:17:58Z,218
143,Unbreakable Ice Cream Safe,https://i.ytimg.com/vi/9e9D7ABgHpU/default.jpg,695,[],2020-12-08T19:44:55Z,25892488,604600,23871,1分38秒,28,Mark Rober,69500000,2011-10-20T06:17:58Z,218
144,1st place Mousetrap Car Ideas,https://i.ytimg.com/vi/b7zWwo9dbiU/default.jpg,1617,"['mouse trap car', 'mousetrap car', 'mousetrap racer', 'science olympiad', 'mark rober', 'nasa', 'worlds largest mousetrap car', 'backyard scientist', 'physics', 'egg drop', 'race', 'bridge', 'toothpick bridge', 'mechanical advantage', 'tricks', 'science']",2018-03-29T20:14:02Z,24977099,324319,9902,14分6秒,28,Mark Rober,69500000,2011-10-20T06:17:58Z,218
145,Can You Fool A Self Driving Car?,https://i.ytimg.com/vi/IQJL3htsDyQ/default.jpg,2232,[],2025-03-15T15:00:28Z,24447121,717345,18406,18分54秒,28,Mark Rober,69500000,2011-10-20T06:17:58Z,218
146,Rock Skip Robot- The Science of Perfect Rock Skipping,https://i.ytimg.com/vi/M0_U1FHwACk/default.jpg,1477,"['rock skipping', 'robot', 'skipping rocks', 'lake', 'science', 'rock skipping robot', 'skippy', 'skippa', 'perfect rock skip', 'rock skip throw', 'rock skip techniques', 'mark rober', 'nasa', 'lake cavanaugh', 'vpn', 'vpn for china', 'best vpn 2018', 'vpn for mac', 'net neutrality', 'carnival scam science', 'jimmy kimmel', 'liquid sand hot tub']",2018-07-31T23:46:20Z,24290835,368048,8264,9分22秒,28,Mark Rober,69500000,2011-10-20T06:17:58Z,218
147,I Tricked These Trick-Or-Treaters  @CrunchLabs @MrBeast,https://i.ytimg.com/vi/zAwo5RqhXB4/default.jpg,36,[],2022-10-30T14:58:28Z,24254725,880754,3034,44秒,28,Mark Rober,69500000,2011-10-20T06:17:58Z,218
148,I Let A Bed Bug Eat Me,https://i.ytimg.com/vi/jJoEna66LiA/default.jpg,0,[],2024-07-11T15:00:28Z,24070037,904237,928,52秒,28,Mark Rober,69500000,2011-10-20T06:17:58Z,218
149,"Automatic Bullseye, MOVING Dartboard",https://i.ytimg.com/vi/MHTizZ_XcUM/default.jpg,1613,"['dartboard', 'moving dartboard', 'automatic bullseye dartboard', 'vicon', 'mark rober', 'nasa', 'engineering', 'motion capture', 'darts', 'bar', 'pub', 'trick', 'jimmy kimmel', 'bullseye', 'auto-bullseye dartboard', 'miss every time', 'epic', 'waterballs']",2017-03-21T15:59:53Z,23726198,456506,12401,5分36秒,28,Mark Rober,69500000,2011-10-20T06:17:58Z,218
150,Perseverance Mars Rover Landing- Inside Story,https://i.ytimg.com/vi/tH2tKigOPBU/default.jpg,1311,[],2021-02-15T03:35:30Z,22983802,700447,33734,15分58秒,28,Mark Rober,69500000,2011-10-20T06:17:58Z,218
151,Time to train your brain,https://i.ytimg.com/vi/5ad5Pq1hyYg/default.jpg,0,[],2023-12-13T18:53:22Z,22625309,903678,2235,1分,28,Mark Rober,69500000,2011-10-20T06:17:58Z,218
152,World's Most Accurate Paper Airplane,https://i.ytimg.com/vi/4zH0gEtos3c/default.jpg,127,[],2023-12-08T18:56:12Z,22479364,896795,1581,58秒,28,Mark Rober,69500000,2011-10-20T06:17:58Z,218
153,Snowball Machine Gun- How to make,https://i.ytimg.com/vi/JinpVA6p8Mo/default.jpg,1065,"['snowballs', 'snowball', 'snowball fight', 'leaf blower', 'elf', 'machine gun', 'uncle', 'mark rober', 'nasa', 'skin a watermelon', 'watermelon', 'ghostbusters', 'snow', 'winter', 'Tahoe', 'skiiing', 'slowmo']",2016-02-02T17:00:02Z,22319121,258570,11638,5分15秒,26,Mark Rober,69500000,2011-10-20T06:17:58Z,218
154,Bare Hand Bottle Busting- Science Investigation,https://i.ytimg.com/vi/GMb6GNYPqXA/default.jpg,1046,"['beer', 'breaking bottle', 'bare hand bottle break', 'mark rober', 'nasa', 'orbeez', 'watermelon', 'corona', 'cavitation', 'backyard scientist', 'ready player one', 'audible', 'science', 'scientific method']",2016-08-31T16:00:04Z,22128500,313593,7628,5分26秒,28,Mark Rober,69500000,2011-10-20T06:17:58Z,218
155,Is NASA a waste of money?,https://i.ytimg.com/vi/lARpY0nIQx0/default.jpg,1553,"['nasa', 'space x', 'elon musk', 'mark rober', 'msl', 'smap', 'curiosity rover', 'mars rover', 'jpl', 'jet propulsion laboratory', 'government', 'blue origin', 'falcon heavy', 'launch', 'mars', 'earth', 'earth science', 'africa', 'bill gates', 'bill and melinda gates foundation']",2018-02-14T20:20:02Z,21982505,481740,19006,7分40秒,28,Mark Rober,69500000,2011-10-20T06:17:58Z,218
156,Why do some sounds hurt so much?!,https://i.ytimg.com/vi/sLy-x38ILZE/default.jpg,0,[],2025-03-06T17:03:24Z,20736176,931072,2919,59秒,28,Mark Rober,69500000,2011-10-20T06:17:58Z,218
157,Simple Watermelon Smoothie Hack,https://i.ytimg.com/vi/IJ-h0SO8EUI/default.jpg,642,"['Watermelon (Organism Classification)', 'Smoothie (Dish)', 'watermelon smoothie', 'hack', 'drill', 'coat hanger', 'MacGyver (TV Program)', 'MacGruber (Film)', 'summer', 'party', 'picnic', 'mark rober', 'NASA (Organization)', 'JPL (Organization)', 'halloween', 'IPad 2 (Gadget)', 'iwound', 'digital dudz']",2013-09-02T08:40:31Z,20427331,141276,5794,1分43秒,26,Mark Rober,69500000,2011-10-20T06:17:58Z,218
158,3D Printer Orchestra with @ajr,https://i.ytimg.com/vi/jq8JPNGzYd4/default.jpg,0,[],2023-09-28T17:57:00Z,19877002,910394,4200,1分,28,Mark Rober,69500000,2011-10-20T06:17:58Z,218
159,Myth-testing Christmas movies with Science Experiments,https://i.ytimg.com/vi/350Xlkvn0Ko/default.jpg,1718,"['home alone', 'A christmas story', 'Elf', 'christmas movie', 'can you survive the home alone traps', 'vsauce3', 'jake roper', 'mark rober', 'threadbanger', 'christmas lights in a microwave', 'mythbusters', 'myth testing', 'blowtorch on head', 'will ferrell', 'snowball', 'snowball machinegun', ""you'll shoot your eye out"", 'red ryder', 'nasa', 'scientific method', 'leg lamp', 'vsauce']",2016-12-15T20:23:04Z,18315325,235270,11008,8分28秒,28,Mark Rober,69500000,2011-10-20T06:17:58Z,218
160,Testing What Happens If You Jump On A Moving Train,https://i.ytimg.com/vi/g6tlNyr5sl8/default.jpg,1756,[],2025-04-12T15:00:28Z,17834833,338399,5154,18分16秒,28,Mark Rober,69500000,2011-10-20T06:17:58Z,218
161,Shark vs. GoPro,https://i.ytimg.com/vi/VS6tnF31zr4/default.jpg,1639,"['shark', 'sharkweek', 'noah schnapp', 'shark attack', 'shark blood']",2021-07-12T17:13:11Z,17824542,513610,18959,23分7秒,28,Mark Rober,69500000,2011-10-20T06:17:58Z,218
162,Solar System Model From a Drone's View,https://i.ytimg.com/vi/pR5VJo5ifdE/default.jpg,1547,"['Space', 'solar system', 'mark rober', 'planet 9', 'solar system scale', 'earth', 'ninth planet', 'drone', 'nasa', 'jpl', 'curiosity rover', 'solar system model', 'galaxy', 'rover', 'space travel', 'sun', '9th planet', 'grape', 'watermelon smoothie', 'watermelon', 'planets']",2016-03-09T16:30:01Z,17804266,261889,12781,8分3秒,27,Mark Rober,69500000,2011-10-20T06:17:58Z,218
163,How to save 51 billion lives for 68 cents with simple Engineering,https://i.ytimg.com/vi/Qf-D1Upn-KU/default.jpg,1307,"['mark rober', 'foldscope', 'paperfuge', 'manu prakash', 'bill and melinda gates', 'bill gates', 'smarter every day', 'stanford', 'philanthropy', 'engineering', 'biology', 'nasa', 'malaria', '3rd world country', 'inventions', 'mosquito', 'centrifuge', 'microsope', 'lab', 'watermelon', 'waterballs', 'orbeez']",2017-02-15T18:38:01Z,16889675,642144,20147,8分11秒,28,Mark Rober,69500000,2011-10-20T06:17:58Z,218
164,I Tried Building My Own Space Satellite,https://i.ytimg.com/vi/6KcV1C1Ui5s/default.jpg,2898,[],2024-11-29T16:00:55Z,16607605,438360,7499,25分,28,Mark Rober,69500000,2011-10-20T06:17:58Z,218
165,Bowling Ball vs LEGO® Wall,https://i.ytimg.com/vi/iQJfOkDUvJM/default.jpg,170,[],2025-06-05T16:35:01Z,14486441,238874,812,50秒,28,Mark Rober,69500000,2011-10-20T06:17:58Z,218
166,24 EASY Hi-Tech Halloween Costumes I invented,https://i.ytimg.com/vi/qOQws77j_6c/default.jpg,1134,"['Halloween (Holiday)', 'Halloween Costume', 'Costume (Product Category)', 'digital dudz', 'mark rober', 'jpl', 'nasa', 'ipad halloween costume', 'digital masks', 'hi-tech', 'morphsuits', 'morph costumes', 'cyborg', 'clown mask', 'iwound', 'beating heart iphone']",2014-10-09T15:00:07Z,14442523,110964,2366,3分46秒,26,Mark Rober,69500000,2011-10-20T06:17:58Z,218
167,iPad2 Halloween Costume- Gaping hole in torso,https://i.ytimg.com/vi/V6p5mbp_M98/default.jpg,859,"['IPad', 'Halloween Costume', 'DIY', 'fake blood', 'Halloween', 'iPad2', 'Facetime', 'hack', 'videochat', 'see through', 'illusion', 'simple', 'mobile mifi', 'duct tape', 'torso', 'costume', 'bloody', 'gory', 'Mark Rober', 'NASA', 'engineer', 'Mercedes', 'Fuel Cell', 'Electric Car', 'Publicity Stunt', 'Invisible', 'Video trick']",2011-10-30T05:52:35Z,14398264,153935,7341,50秒,26,Mark Rober,69500000,2011-10-20T06:17:58Z,218
168,Gut Ripping iPhone Halloween Costume + 17 more hi-tech costumes,https://i.ytimg.com/vi/5rYhRn1x3FM/default.jpg,1045,"['Halloween (Holiday)', 'Halloween Costume', 'Mark Rober', 'ipad', 'Ipad halloween costume', 'iphone halloween costume', 'high-tech', 'high-tech costume', 'gut pull', 'digital dudz', 'morphsuits', 'gory halloween costume', 'jpl', 'nasa', 'rocket scientist', 'hole in stomach', 'rahat', 'magic of rahat', 'clown morphsuit', 'iwound', 'digital tshirt', 'magic', 'illusion', 'digital duds']",2013-10-07T07:22:11Z,13653022,117750,3002,3分30秒,26,Mark Rober,69500000,2011-10-20T06:17:58Z,218
169,PAINT Super Soaker Battle (w/ Colin Furze)- Splatoon IRL,https://i.ytimg.com/vi/_uXnypEzau0/default.jpg,1792,"['paint gun', 'paint war', 'mark rober', 'nasa', 'colin furze', 'hover bike', 'super soaker', 'paint super soaker', 'gizmodo', 'uncle', 'worlds largest nerf gun', 'paint battle', 'squirt gun', 'kiwicrate', 'splatoon', 'splatoon in real life']",2016-11-09T17:00:03Z,13577243,161758,5964,4分14秒,28,Mark Rober,69500000,2011-10-20T06:17:58Z,218
170,Physics vs The Table Cloth Trick @CrunchLabs,https://i.ytimg.com/vi/DPaWiXZmcb4/default.jpg,21,[],2022-11-25T22:35:20Z,13480635,427428,948,31秒,28,Mark Rober,69500000,2011-10-20T06:17:58Z,218
171,Defog your windows TWICE as fast using SCIENCE- 4 easy steps,https://i.ytimg.com/vi/qCmgWiEEZwA/default.jpg,1150,"['car', 'defrost', 'defog', 'defrost windshield', 'defog windshield', 'mark rober', 'nasa', 'defrost hacks', 'science', 'skin a watermelon', 'watermelon', 'chemtrails', 'condensation', 'how to defrost windshield', 'how to defog windshield']",2016-01-05T16:30:00Z,13343961,168982,6665,5分16秒,26,Mark Rober,69500000,2011-10-20T06:17:58Z,218
172,How to Escape a Police Sniffing Dog,https://i.ytimg.com/vi/EfSw0_OxCGY/default.jpg,0,[],2025-05-01T18:12:29Z,12994957,406442,445,1分16秒,28,Mark Rober,69500000,2011-10-20T06:17:58Z,218
173,Egg Drop From Space,https://i.ytimg.com/vi/W0v9akRqCNw/default.jpg,0,[],2024-06-06T14:00:26Z,12990700,378213,663,35秒,28,Mark Rober,69500000,2011-10-20T06:17:58Z,218
174,How to CHEER THE LOUDEST using SCIENCE!,https://i.ytimg.com/vi/v4c0IBeXwY8/default.jpg,1783,"['fan', 'cheering', 'loudest cheer possible', 'science', 'scientific method', 'orbeez', 'worlds largest nerf gun', 'nerf', 'usc', 'football', '12th man', 'nfl', 'soccer', 'stadium', 'mark rober', 'nasa', 'decible', 'sound meter', 'screaming fan', 'vuvuzella', 'air horn', 'cowbell', 'thunder stick', 'Coliseum']",2016-11-29T17:18:29Z,12223999,197406,5065,6分23秒,28,Mark Rober,69500000,2011-10-20T06:17:58Z,218
175,"I Spent $5,000,000 So You Can Go To Space For FREE",https://i.ytimg.com/vi/qr1AvisQcV8/default.jpg,2423,[],2025-05-24T16:24:24Z,12103119,408866,8456,21分15秒,28,Mark Rober,69500000,2011-10-20T06:17:58Z,218
176,These Clouds Aren't What You Think... Now You Know Thanks To @Google,https://i.ytimg.com/vi/PtIChOU86Xs/default.jpg,47,[],2025-04-26T15:00:38Z,11380389,310477,854,53秒,28,Mark Rober,69500000,2011-10-20T06:17:58Z,218
177,I Built a Roller Coaster In My Lab,https://i.ytimg.com/vi/9IiYOTzJ2uw/default.jpg,2074,[],2025-06-21T15:01:11Z,10602690,166074,3245,18分48秒,28,Mark Rober,69500000,2011-10-20T06:17:58Z,218
178,I Gave the MIT Commencement Speech,https://i.ytimg.com/vi/1UTjWy-vnOo/default.jpg,0,[],2023-06-10T14:00:02Z,10160334,308857,5202,19分31秒,28,Mark Rober,69500000,2011-10-20T06:17:58Z,218
179,Human vs World’s Largest Water Gun,https://i.ytimg.com/vi/paHr1oLaqJ4/default.jpg,64,[],2025-06-20T16:59:38Z,10156123,186664,489,29秒,28,Mark Rober,69500000,2011-10-20T06:17:58Z,218
180,You’ve never seen a wheelchair like this…,https://i.ytimg.com/vi/xuKigD8_0qM/default.jpg,41,[],2025-02-20T17:22:54Z,9954153,337266,562,49秒,28,Mark Rober,69500000,2011-10-20T06:17:58Z,218
181,Unibrow Discrimination- Social Experiment,https://i.ytimg.com/vi/MvnumV1izOE/default.jpg,898,"['unibrow', 'experiment', 'monobrow', 'discrimination', 'social experiment', 'eyebrow', 'thick eyebrows', 'science', 'mark rober']",2013-04-03T08:00:17Z,9901768,220369,11939,3分33秒,26,Mark Rober,69500000,2011-10-20T06:17:58Z,218
182,1st place science fair ideas- 10 ideas and tricks to WIN!,https://i.ytimg.com/vi/UBuH1b0Dqm0/default.jpg,1898,"['science fair', 'science fair ideas', 'science fair projects', 'science buddies', '10 easy science fair ideas', 'science', 'mark rober', 'projects', '5 second rule', 'rock paper scissors', 'science fair project ideas for kids', 'science fair boards', '3rd grade', '4th grade', '5th grade', '6th grade', '7th grade', '8th grade', 'high school', 'nasa', 'audible', 'studio c']",2017-02-01T23:01:21Z,9173122,123195,5168,11分37秒,28,Mark Rober,69500000,2011-10-20T06:17:58Z,218
183,Turtles or Snakes- Which do cars hit more? ROADKILL EXPERIMENT,https://i.ytimg.com/vi/k-Fp7flAWMA/default.jpg,822,"['Turtle', 'snake', 'roadkill', 'scientific method', 'experiment', 'mythbusters', 'run over', 'kill', 'charts', 'data', 'TMNT', 'shredder', 'beebop and rocksteady', 'teenage mutant ninja turtles', 'mario', 'glowing balloon', 'awesome', 'how', 'to', 'Halloween', 'costume', 'gaping hole in torso', 'iPad2', 'Mark Rober', 'Arturo', 'Trejo', 'Qwiet', 'JPL', 'NASA', 'Jet', 'Proplusion', 'Laboratory', 'how to', 'gorilla iphone', 'gorilla']",2012-07-19T11:57:31Z,9094249,137332,8084,4分22秒,26,Mark Rober,69500000,2011-10-20T06:17:58Z,218
184,Hot Wheels STUNT RACE- Slow Mo (2500 FPS),https://i.ytimg.com/vi/vNds3PIBqnQ/default.jpg,1417,"['hot wheels', 'toy cars', 'fast and the furious', 'toy story', 'mark rober', 'hot wheels slow mo', 'slo mo', 'hot wheels stunts', 'hot wheels explosions', 'toy stunts', 'nasa', '5madmoviemakers', 'track', 'roller coaster', 'matchbox', 'car', 'mattel', 'speedway', 'water', 'crash', 'race', 'racing', 'road', 'mariokart', 'slowmo', 'slow motion', 'gopro', 'flip', 'knight rider', 'scooby doo', 'back to the future', 'delorean', 'ghostbusters', 'ateam', '80s toys', 'toys']",2017-04-26T20:03:40Z,8780500,116264,6373,5分14秒,28,Mark Rober,69500000,2011-10-20T06:17:58Z,218
185,Color the Spectrum LIVE- Mark Rober and Jimmy Kimmel,https://i.ytimg.com/vi/5J3peD8LZ5o/default.jpg,4126,[],2021-05-01T03:43:39Z,6724806,273199,5196,2時間57分4秒,29,Mark Rober,69500000,2011-10-20T06:17:58Z,218
186,Backup Camera Scare Prank w/ Jimmy Kimmel,https://i.ytimg.com/vi/9P_v2Va-3k8/default.jpg,16,[],2024-08-15T19:58:36Z,6605458,387672,496,20秒,28,Mark Rober,69500000,2011-10-20T06:17:58Z,218
187,FINAL SCIENCE CLASS- How to Survive a 5 Mile Fall with No Parachute,https://i.ytimg.com/vi/3yjcqsNNa24/default.jpg,219,[],2020-05-06T20:43:52Z,6440322,113807,7470,33分42秒,28,Mark Rober,69500000,2011-10-20T06:17:58Z,218
188,NASA's Curiosity landing- 1 of her creator's POV,https://i.ytimg.com/vi/PCKogFDM3Zg/default.jpg,1033,"['Curiosity landing', 'Mars', 'Mars Rover', 'descent stage', 'EDL', '7 minutes of terror', 'science', 'awesome', 'Turtle', 'snake', 'roadkill', 'mario', 'glowing balloon', 'how', 'to', 'Halloween', 'costume', 'gaping hole in torso', 'iPad2', 'Mark Rober', 'Halloween costume', 'Arturo', 'Trejo', 'Qwiet', 'JPL', 'NASA', 'Jet', 'Proplusion', 'Laboratory', 'how to', 'gorilla iphone', 'gorilla']",2012-08-15T03:34:43Z,6361174,185798,8168,4分38秒,26,Mark Rober,69500000,2011-10-20T06:17:58Z,218
189,Beating iPhone Heart Halloween Costume + 20 more high-tech costumes,https://i.ytimg.com/vi/fU0gs6KQ8jw/default.jpg,1394,"['Beating', 'iPhone', 'Heart', 'best', 'Halloween', 'Costume', '2012', '20', 'more', 'IPad', 'Digital', 'Dudz', 'Halloween Costume', 'DIY', 'fake blood', 'iPad2', 'Facetime', 'hack', 'videochat', 'see through', 'illusion', 'simple', 'mobile mifi', 'duct tape', 'torso', 'costume', 'bloody', 'gory', 'Mark Rober', 'NASA', 'engineer', 'Mercedes', 'Fuel Cell', 'Electric Car', 'Publicity Stunt', 'Invisible', 'Video trick', 'gore', 'blood', 'beating heart', 'flesh wound', 'wound']",2012-10-03T15:28:55Z,6085679,30710,1303,3分47秒,26,Mark Rober,69500000,2011-10-20T06:17:58Z,218
190,GLOWING WALL DIY- EASY and AWESOME,https://i.ytimg.com/vi/I6IqoSAtjb0/default.jpg,1683,"['Albert Einstien', 'glow wall', 'shadow wall', 'glow art', 'art', 'star wars', 'mark rober', 'nasa', 'mike brown', 'audible', 'skin a watermelon', 'laser', 'phosphorescence', 'glow in the dark', 'science', 'fluorescence', 'laughing kids', 'uv', 'Ultra violet', 'DIY', 'crayola glow station']",2016-10-11T16:00:01Z,5680983,97879,3240,6分43秒,28,Mark Rober,69500000,2011-10-20T06:17:58Z,218
191,Scooby Doo Surveillance Cam (w/ 2 iPhones),https://i.ytimg.com/vi/sPgKu2E-jdw/default.jpg,1352,"['Camera', 'Scooby doo', 'surveillance cam', 'camera', 'picture frame', 'moving eyes', 'moving eye picture', 'scoob cam', 'jar jar binks', 'scrappy doo', 'Beating', 'iPhone', 'Heart', 'Halloween', 'Costume', '2012', 'IPad', 'Digital', 'Dudz', 'Halloween Costume', 'DIY', 'iPad2', 'Facetime', 'hack', 'videochat', 'illusion', 'simple', 'duct tape', 'torso', 'costume', 'Mark Rober', 'NASA', 'engineer', 'Fuel Cell', 'Video trick', 'beating heart', 'flesh wound', 'wound', 'Digital Dudz', 'Scooby']",2012-11-29T14:57:59Z,5131437,63334,1900,3分16秒,26,Mark Rober,69500000,2011-10-20T06:17:58Z,218
192,40 MPH Pinewood Derby Car- HOW TO,https://i.ytimg.com/vi/vlBxPjxacsk/default.jpg,201,"['40 mph pinewood derby car', 'illegal pinewood derby car', 'rocket car', 'pinewood', 'derby', 'soapbox car', 'fast pinewood derby car', 'co2 car', 'jet propulsion', 'mark rober', 'nasa']",2014-04-16T16:18:01Z,5125747,33434,558,1分36秒,26,Mark Rober,69500000,2011-10-20T06:17:58Z,218
193,NASA Pumpkin Carving Contest w/ LASERS!!!,https://i.ytimg.com/vi/ZxbGGGh5I7M/default.jpg,1644,"['Jet Propulsion Laboratory (Spacecraft Manufacturer)', 'pumpkin carving', 'pumpkins', 'Mark Rober']",2014-10-31T17:55:36Z,4988920,57518,1558,3分30秒,26,Mark Rober,69500000,2011-10-20T06:17:58Z,218
194,$5M Selfie From Space,https://i.ytimg.com/vi/1QAmBamacU4/default.jpg,388,[],2025-06-03T01:39:07Z,3870929,93795,545,26秒,28,Mark Rober,69500000,2011-10-20T06:17:58Z,218
195,HEAT MAP Microwave- a NEW invention,https://i.ytimg.com/vi/ptkzzNaZb7U/default.jpg,1077,"['Microwave Oven (Culinary Tool)', 'invention', 'mark rober', 'nasa', 'atm pin code hack', 'ir', 'infrared', 'infrared microwave', 'ir microwave', 'frozen burrito', 'heat map microwave', 'innovation', 'microwave', 'bacon', 'audible', 'flir']",2015-02-11T17:06:50Z,3798112,49988,546,3分3秒,26,Mark Rober,69500000,2011-10-20T06:17:58Z,218
196,I Risked My Life Testing A Race Car's Top Speed,https://i.ytimg.com/vi/9lw7uaxDwmo/default.jpg,189,[],2023-12-14T23:58:45Z,3752284,174593,577,1分,28,Mark Rober,69500000,2011-10-20T06:17:58Z,218
197,5 EPIC pranks in 60 seconds,https://i.ytimg.com/vi/7i8gzfoqqIg/default.jpg,638,"['pranks', 'epic pranks', 'prank', 'funny', 'gag', 'crickets', 'toothpaste oreos', 'Black angus', 'college', 'crickets prankFacebook prank', 'Halloween', 'costume', 'gaping hole in torso', 'iPad2', 'Mark Rober', 'Arturo', 'Trejo', 'Qwiet', 'office', 'darts', 'JPL', 'NASA', 'Jet', 'Proplusion', 'Laboratory']",2012-03-26T15:57:58Z,3745435,64214,1750,1分1秒,26,Mark Rober,69500000,2011-10-20T06:17:58Z,218
198,Measure height with a watch! Cliff jump science,https://i.ytimg.com/vi/z68vta3N5kg/default.jpg,1071,"['cliff jumping', 'jump', 'science', 'jumping', 'cliff', 'cliff height timer', 'mark rober', 'nasa', 'science trick', 'equation', 'gizmodo', 'Physics (Field Of Study)', 'teaching', 'newton', 'watch', 'stopwatch', 'trick']",2014-08-05T16:00:15Z,3533629,47374,1395,3分46秒,26,Mark Rober,69500000,2011-10-20T06:17:58Z,218
199,Always win at heads/tails- BEST METHOD,https://i.ytimg.com/vi/YdJr1FCB0P4/default.jpg,583,"['flip a coin', 'flip a quarter', 'tails every time', 'heads every time', 'coin', 'trick', 'quarter', 'flip', 'penny', 'nickel', 'dime', 'ipad2', 'Halloween', 'costume', 'Mark', 'Rober', 'Arturo', 'Trejo', 'Qwiet', 'office', 'darts', 'JPL', 'NASA', 'Jet Propulsion Laboratory', 'Magic', 'Coin toss', 'toss', 'rigged', 'probability', 'spin', 'how to win a coin toss', 'tutorial', 'how', 'to', 'win']",2012-01-18T09:59:11Z,3352876,68756,2135,5分54秒,26,Mark Rober,69500000,2011-10-20T06:17:58Z,218
200,SCIENCE CLASS #2- Does Farting Make You Weigh Less?,https://i.ytimg.com/vi/3FRyPjUlQKk/default.jpg,204,[],2020-03-25T20:43:02Z,3094037,59423,4702,30分44秒,28,Mark Rober,69500000,2011-10-20T06:17:58Z,218
201,How to Take a Selfie From Space!,https://i.ytimg.com/vi/vMbpI1GMJQs/default.jpg,605,[],2024-12-02T22:15:00Z,2790327,145388,417,54秒,28,Mark Rober,69500000,2011-10-20T06:17:58Z,218
202,NASA Pumpkin Carving Contest,https://i.ytimg.com/vi/gaSv12OKVJA/default.jpg,740,[],2013-11-01T11:43:31Z,2751038,11749,277,1分2秒,26,Mark Rober,69500000,2011-10-20T06:17:58Z,218
203,LED Edge Lit Table- HOW TO,https://i.ytimg.com/vi/SaG-NQ64540/default.jpg,1054,"['LED', 'LED Table', 'Glass table', 'edge lit led table', 'table', 'how to', 'acrylic', 'acrylic table top', 'LED acrylic table top', 'make', 'digital dudz', 'mark rober', 'NASA', 'engineer', 'ipad', 'halloween', 'beating iphone heart']",2013-02-01T05:49:51Z,2347873,27009,665,4分16秒,26,Mark Rober,69500000,2011-10-20T06:17:58Z,218
204,SCIENCE CLASS #6- What if Everyone Flushed their Toilet at Once?,https://i.ytimg.com/vi/nT6VWmeFIkc/default.jpg,73,[],2020-04-08T20:39:46Z,2276360,43145,2808,24分1秒,28,Mark Rober,69500000,2011-10-20T06:17:58Z,218
205,SCIENCE CLASS #1- WHY Does Helium Make Your Voice Higher?,https://i.ytimg.com/vi/pPn-Bay_ANU/default.jpg,215,[],2020-03-23T20:47:42Z,2173510,120137,7230,35分27秒,28,Mark Rober,69500000,2011-10-20T06:17:58Z,218
206,SCIENCE CLASS #3- Why is the Sky Blue?,https://i.ytimg.com/vi/zr359AIjU2Q/default.jpg,522,[],2020-03-27T20:33:50Z,2027818,42853,0,27分46秒,28,Mark Rober,69500000,2011-10-20T06:17:58Z,218
207,Gorilla lured by Phone- how-to demo,https://i.ytimg.com/vi/ZaOw8B_2kWY/default.jpg,753,"['Gorilla', 'Lured', 'by', 'iPhone', 'How To Video', 'mirror', 'zoo', 'orangutan', 'chimp', 'gorilla', 'iphone', 'monkey', 'front facing camera', 'infinity mirror', 'confused', 'higher order primates', 'Halloween', 'costume', 'gaping hole in torso', 'iPad2', 'Mark Rober', 'Arturo', 'Trejo', 'Qwiet', 'office', 'darts', 'JPL', 'NASA', 'Jet', 'Proplusion', 'Laboratory', 'Jet Propulsion Laboratory', 'Chimpanzee', 'Tiger', 'Mirror', 'Camera', 'cool', 'see', 'himself', 'in', 'Reflections', 'jump', 'scare', 'attack', 'play', 'time', 'Lions']",2012-02-14T20:16:04Z,1905778,23346,177,2分29秒,26,Mark Rober,69500000,2011-10-20T06:17:58Z,218
208,Matrix Effect Using Only a Ceiling Fan,https://i.ytimg.com/vi/OEd5lTmeAH8/default.jpg,1266,"['Time', 'bullet time', 'slow mo', 'slow motion', 'gopro', 'flow motion', 'mark rober', 'nasa', 'jpl', 'halloween ipad', 'digital dudz', 'slow mo guys', 'ceiling fan', 'creative', 'ghetto bullet time', 'science', 'iphone halloween shirt', 'smarter every day']",2013-05-09T15:07:56Z,1843004,16877,649,3分30秒,26,Mark Rober,69500000,2011-10-20T06:17:58Z,218
209,"Freezing time w/ ONLY ONE camera, 360 degrees, 7200 fps",https://i.ytimg.com/vi/INckJRRR1EU/default.jpg,1239,[],2013-12-05T16:54:27Z,1769461,20349,494,3分40秒,26,Mark Rober,69500000,2011-10-20T06:17:58Z,218
210,8-bit Annoying Person Remover- NES Hack,https://i.ytimg.com/vi/QW5L2fMriZk/default.jpg,855,"['NES', 'mario', 'hack', 'how to', 'diy', 'super mario', 'old school', 'prank', 'coworker', 'office', 'nasa', 'jpl', 'ipad2', 'timer', 'clock', '8-bit', 'ipad', 'digital dudz', 'mark rober', 'Super Mario (series)', 'Do It Yourself (Hobby)']",2013-02-28T18:17:57Z,1719504,26944,662,2分39秒,26,Mark Rober,69500000,2011-10-20T06:17:58Z,218
211,Whiteboard Office Darts (using BuckyBalls),https://i.ytimg.com/vi/7sj6Gpk3ab4/default.jpg,623,"['Office', 'Whiteboard', 'darts', 'neoballs', 'zen magnets', 'gizmodo', 'mark rober', 'ipad2', 'costume', 'nasa', 'bucky balls', 'magnetic', 'silver', 'balls', 'magnet', 'halloween', 'christmas', 'present', 'occupy', 'dartboard', 'qwiet', 'groovyballs', 'neocube', 'magnetballs', 'nanodots', 'creativity killed the cat', 'creative', 'creativity', 'jpl', 'jet propulsion laboratory']",2011-12-19T08:35:20Z,1465863,22867,495,1分50秒,26,Mark Rober,69500000,2011-10-20T06:17:58Z,218
212,SCIENCE CLASS #5- How Do Astronauts Weigh Themselves?,https://i.ytimg.com/vi/DKHEanz5ayM/default.jpg,597,[],2020-04-03T20:29:12Z,1251114,23111,1132,23分,28,Mark Rober,69500000,2011-10-20T06:17:58Z,218
213,SCIENCE CLASS #4- How to Waterproof Your Hand,https://i.ytimg.com/vi/00aZJP4kmK4/default.jpg,505,[],2020-03-30T20:44:03Z,1032446,31981,2137,27分40秒,28,Mark Rober,69500000,2011-10-20T06:17:58Z,218
214,Glowing Algae Water Fountain,https://i.ytimg.com/vi/mDmFSz8-r7g/default.jpg,716,"['bioluminescence', 'algae', 'glowing algae', 'mark rober', 'diy', 'nasa', 'jpl', 'digital dudz', 'iphone halloween costume', 'creative', 'hack', 'maker', 'fountain', 'zen fountain', 'soothing', 'relaxing', 'does anyone ever read these tags']",2013-07-30T14:20:38Z,996921,15831,477,2分48秒,26,Mark Rober,69500000,2011-10-20T06:17:58Z,218
215,250 sq ft GLOWING Super Mario night kite,https://i.ytimg.com/vi/jOTu4s0nzJM/default.jpg,721,"['mario', 'super mario', 'mario remix', 'NES', 'glowing', 'glowing balloon', 'awesome', 'how', 'to', 'super mario bros', 'night', 'kite', 'LED', 'art', 'artist', 'Halloween', 'costume', 'gaping hole in torso', 'iPad2', 'Mark Rober', 'Arturo', 'Trejo', 'Qwiet', 'JPL', 'NASA', 'Jet', 'Proplusion', 'Laboratory', 'how to', 'gorilla iphone', 'gorilla']",2012-06-07T14:59:10Z,854409,10489,384,3分9秒,26,Mark Rober,69500000,2011-10-20T06:17:58Z,218
216,Burning Fireplace Ugly Christmas Sweater (w/ an iPad),https://i.ytimg.com/vi/81YUiTnTVJw/default.jpg,1093,"['Christmas', 'ChristMasSweaterFinal', 'camera', 'picture frame', 'Beating', 'iPhone', 'Heart', 'Halloween', 'Costume', '2012', 'IPad', 'Digital', 'Dudz', 'Halloween Costume', 'DIY', 'iPad2', 'hack', 'simple', 'duct tape', 'torso', 'costume', 'Mark Rober', 'NASA', 'engineer', 'Fuel Cell', 'Video trick', 'beating heart', 'flesh wound', 'wound', 'Digital Dudz', 'Scooby', 'Holiday', 'Holiday party', 'chirstmas party ideas', 'idea', 'christmas sweater', 'ugly christmas sweater ideas', 'iphone', 'technology', 'Do It Yourself (Hobby)', 'Hobby (Website Category)', 'Apple', 'Ipod', 'Touch', 'Gift', 'Presents']",2012-12-07T16:27:17Z,514460,4031,125,2分16秒,26,Mark Rober,69500000,2011-10-20T06:17:58Z,218
217,Make a Gorilla cam- HOW TO,https://i.ytimg.com/vi/O1P6K_PaS0A/default.jpg,489,"['How To Video', 'mirror', 'gorilla', 'iphone', 'monkey', 'front facing camera', 'infinity mirror', 'confused', 'higher order primates', 'Halloween', 'costume', 'gaping hole in torso', 'iPad2', 'Mark Rober', 'Arturo', 'Trejo', 'Qwiet', 'office', 'darts', 'JPL', 'NASA', 'Jet', 'Proplusion', 'Laboratory', 'Jet Propulsion Laboratory']",2012-02-14T19:49:49Z,467947,5356,271,1分27秒,26,Mark Rober,69500000,2011-10-20T06:17:58Z,218
